ID,Name,Surname
213578298,Wallis,Minghella
213621716,Goldia,Calloway
213611058,Frederigo,Vassie
216786775,Hillier,Stove
216162688,Nat,Lobley
214412269,Tamar,Levison
215110090,My,Wanklyn
218369273,Nannette,Sparks
215083798,Ibrahim,Summerside
216952311,Karry,Goscar
214958258,Drusie,Goulthorp
216436785,Baxter,Naton
218610430,Randal,Whithorn
216123929,Eleanore,Bradnam
215319305,Matt,Farren
218162859,Florinda,Pattisson
213208589,Elston,Shewon
218259570,Stanleigh,Scardifield
214155652,Angeline,Matessian
214202367,Berkie,Lufkin
215261296,Terrill,Balshaw
213970461,Joye,Eddowes
216991365,Juline,Graber
213837109,Daffy,Jacquemot
216245237,Renie,Sporrij
214356039,Vasilis,Haken
213169446,Lauraine,Murford
214844427,Meryl,Starmore
215379946,Glynn,Lattin
214417567,Aurea,Brandle
218178262,Cindra,Simony
218930226,Jsandye,Scallon
216013263,Agata,Ashton
213857846,Ulrich,Pippard
213750878,Artemus,Pebworth
215319708,Marthena,Kaines
216898843,Rolando,Carless
215211010,Storm,Barbe
213929099,Kathleen,Greim
217977270,Andree,Roggero
216311613,Celestine,Le Prevost
214375623,Leanor,Polendine
213215802,Rahel,Martignoni
216236980,Drusy,Panton
218553899,Dalis,Raspison
217027689,Herman,Sharman
214076312,Clarke,Cordier
215428624,Kynthia,Ervin
214629183,Amanda,Ordemann
213328478,Meier,Osbourn
216199067,Kimberli,Giovanazzi
214092449,Trish,Leaver
214524014,Rene,Autrie
216774491,Joete,Van Der Vlies
214329478,Trumaine,Witcombe
215371622,Filmore,Bagshaw
217193023,Madalena,Lodeke
216931169,Doralyn,Pilsbury
214455455,Ollie,Byneth
216628819,Casar,Simonyi
214253746,Jared,Hartzenberg
213774187,Deane,Veregan
214499609,Olvan,Birt
214817214,Garek,Seakes
214633005,Sinclair,Deeney
214620108,Diana,Charrett
214189271,Zollie,Blackney
213888926,Natalina,Jaggar
218953268,Mike,Gonzales
214727364,Theobald,McQuilliam
218846711,Townsend,Caesmans
217255110,Quentin,Schleicher
215892523,Rudie,Trunkfield
217462753,Kristos,Lindenbluth
213575528,Conni,Dello
217627241,Dorothy,Scoates
218114864,Yasmin,Thomassin
214132022,Sybila,Ranken
214791523,Chuck,Peyes
216727882,Conn,Gianolo
217850931,Edi,Le Surf
218498387,Rocky,Corinton
218239934,Josy,Travers
214111429,Shelagh,Bryning
218370524,Mathias,Parsell
213965837,Jackqueline,Copins
213562709,Cortie,Pietrzyk
214511262,Trent,Bampkin
213951486,Caron,Jiran
216773013,Toddy,Annakin
216092159,Betty,Londer
213308101,Thebault,Eates
215333187,Stephannie,Whatley
213870777,Charin,Saile
214251784,Abel,Scholling
213958588,Arlie,Yegorovnin
217179777,Midge,Cumpsty
213155837,Skippy,Rilton
218177323,Michail,Redwin
215156480,Caleb,Abelwhite
214890724,Izak,Aslam
216293459,Dian,Amberger
216233846,Georges,Barr
215968650,Lay,Wrinch
218882981,Andreana,Goundry
215409949,Nanete,Kubatsch
218582739,Hollyanne,Wilce
215058520,Guthrey,Rodder
216179832,Constance,Bischop
216077905,Benni,Eate
214911043,Matthiew,Verecker
213383787,Killy,Caban
217211656,Tabby,MacFie
215665984,Marquita,Jaqueminet
217686063,Vannie,Alenikov
216108664,Alessandra,Fraulo
218414688,Ronnie,Soall
217997108,Rafe,Mardell
218320905,Martelle,Diviney
213521085,Tobiah,Dimitresco
215304296,Salvador,Dobbison
214324322,Wilow,De Fraine
217301597,Misty,Gieraths
214372242,Jeanie,Ewles
216874288,Maxie,Deyenhardt
215059831,Uriel,Bonifacio
218157379,Keir,Siddon
215813795,Arly,Garrett
216510229,Keary,Criag
215857195,Loy,Scally
213612802,Krista,Summergill
214071818,Bernette,Lawling
213056634,Inga,Basire
216294957,Sandie,Minchinton
216388574,Orran,Corrett
215413582,Coleman,Mallindine
214418135,Zedekiah,Bartalini
214539171,Cherey,Reis
216649861,Joceline,Bruckental
218569715,Caren,Boman
214685182,Seymour,Fleetham
213938894,Meggy,Rizzi
217361275,Sarah,Hancock
213687025,Latashia,Stave
214661313,Daryn,Fragino
213940522,Lionello,Lippard
214814428,Daune,Iorizzo
213145549,Hershel,Ferres
217205047,Enoch,Whatsize
218174015,Tonie,Limbourne
214249928,Kristyn,Collimore
215826409,Rand,Durban
218931925,Nevins,Riep
215422964,Corrianne,Le Grand
214368192,Gerianne,Arber
214114374,Haslett,Dowse
214399692,Halsy,Aleksandrev
213867978,Bud,Steutly
218225185,Maitilde,Whichelow
215850623,Alix,Pidcock
215966525,Rhett,Temprell
214213744,Artus,Muff
214394515,Clayborn,Mattimoe
216962688,Shepperd,Grindle
218483948,Kellie,Waleworke
217835855,Gina,Ilyunin
213537731,Meryl,Harbert
217518924,Rodger,Headech
217731767,Logan,Skelly
217881228,Meta,McNee
218136365,Kasey,D'Hooge
217173584,Dorri,Kintish
216845218,Hinze,Smetoun
215739006,Waring,Milella
215431103,Lissy,Burgan
215809099,Reinald,Cromer
214195701,Virgil,Cree
218622473,Daron,Elders
214174962,Rici,Nozzolii
213247289,Munmro,Duligall
213451415,Regen,Murt
214067387,Myrvyn,Taft
218387869,Berget,Turnbull
213551162,Tabbie,Streeten
217701141,Stephan,Youell
214530218,Dodie,Brusle
215605124,Keane,Peasee
215717053,Estrellita,Nosworthy
213957411,Clemente,Albers
218590515,Shoshanna,Leverich
215468370,Tabina,Oakenfull
214371745,Tris,Hyams
217980322,Cordie,Cofax
217797267,Jilli,Cable
213128554,Broderic,Lumber
218215962,Esteban,Keveren
215183724,Elita,Colgan
218642031,Ronni,Webberley
218164013,Mariejeanne,Judron
217540101,Kendal,Domino
214737687,Neil,Andrzejewski
215959591,Alwin,Oherlihy
216672845,Odell,Arbor
218958344,Thane,Potter
215525865,Petrina,Atwill
214015796,Jocelyne,Caseley
215404150,Antons,Stannah
214941804,Nance,Sollowaye
216132829,Avis,Abisetti
215528041,Karen,Yeandel
213181968,Harlin,Townrow
216295943,Ebba,Calender
217911868,Mohammed,Shinton
218634573,Leslie,Hammerton
214769534,Cathyleen,Gilyatt
213160659,Jessamine,Darnborough
213585465,Ryon,Gange
214726683,Juliann,Grief
217908355,Cassandry,Langeren
215855811,Gav,Lillegard
217874478,Emmie,Kinney
217526696,Olimpia,Leese
217818796,Teodor,Bratley
217511642,Brendin,Arnhold
218518725,Meade,Hansbury
215750908,Paula,Gibke
218697760,Trent,Trengove
218126450,Adrian,Conkling
217916766,Kenneth,Foulger
215445831,Irwin,Nind
215039342,Isidor,McAlister
214778360,Sonni,McNeely
217376729,Dixie,Searight
213971318,Goddard,Fudge
214451254,Pollyanna,Alexsandrovich
217797773,Boote,Liell
218463565,Carter,Gurery
217608315,Fletcher,Vanyushin
216289432,Carolee,Valde
217748033,Vasily,Bernardy
215000921,Marcus,Carnihan
214417552,Marsha,Ragless
215056928,Raphaela,MacNelly
215822879,Madison,Mose
216040546,Lucio,Cardenas
213721620,Kasper,Gamlyn
214843578,Artemus,Pook
215108215,Marchall,Smythin
218458647,Gwenny,D'Alwis
218692565,Rey,Barnshaw
217547231,Walt,Hale
213444200,Monique,Sawers
213619552,Sophi,Matejovsky
217947621,Dulcia,Courtois
217003708,Hermia,Westell
215823067,Pauly,Mackelworth
216144799,Patrice,Struss
216204657,Daffy,Drain
214040872,Theresita,Ilyushkin
215264631,Jean,Burgwin
215203589,Bard,Peirce
214684084,Isa,Rusbridge
215098931,Bernardo,Stodart
218869642,Pietra,Donaldson
215977716,Waverley,Elcy
216185331,Giana,Dionisii
213010498,Kingsley,Coleson
215631039,Tiffi,Barribal
218399039,Claudianus,Langran
215603635,Talia,Glassopp
214078809,Dallas,Fedorski
215264879,Damara,Ponsford
215243289,Darcie,Habbergham
217127955,Constantia,Dunn
217008166,Urbanus,Sictornes
216285376,Brod,Crippes
215494420,Benny,Acarson
217081418,Orland,Brambley
217164263,Gan,Gleder
213034545,Gertrude,Giovannardi
218537658,Adrianna,Castanho
213368443,Neely,Gyorffy
218863467,Ephrayim,Dyzart
214018703,Mirilla,Swainger
217930973,Morlee,Helleckas
218280276,Eberhard,Kesper
215352142,Conant,Zanutti
218001936,Urbanus,De Bruijne
215849555,Devondra,Cardo
217536789,Chase,Leve
218900782,Jermain,Illing
217491545,Denny,Larkings
213912579,Lizzie,Devonshire
217040646,Carlyle,Snalom
214627623,Laverna,Inglish
214248342,Izak,Silverson
217250681,Elissa,Reidie
218806152,Dalenna,Hammersley
217459927,Carine,Reddoch
214121647,Sophi,Timmes
213825304,Mariejeanne,Thirlwell
214502024,Tara,Tippler
215728523,Sharia,Luckcock
216653409,Gustaf,Scrogges
218152332,Pepita,Llorens
217904315,Zollie,Timothy
218705856,Brinna,Lockey
218925414,Bogey,Allsworth
213499001,Gun,Warren
215764651,Dillie,Dobing
218262079,Dru,Boultwood
216935061,Edythe,Enochsson
215995183,Tan,Izkovici
218627268,Reider,Copp
217649994,Hayward,Kitcatt
214530377,Hedwiga,Auger
218862624,Ardene,Haslen
217933589,Lona,Worviell
217443853,Camile,Posse
217677743,Dionisio,Belchamber
213516395,Odetta,Meeking
218768422,Alonso,Georgius
215905091,Carlie,Cudbertson
213617475,Wittie,Lippett
217893393,Sharity,Whittingham
217564916,Kalvin,Cattermull
217340940,Gwyn,Shenley
213265673,Josefina,Ableson
215177829,Lyndell,McMillam
213172551,Tye,Ramas
217617103,Moishe,Sybbe
214627161,Law,Bunch
218238000,Brana,Kleinplac
216733860,Albertine,Mignot
217157811,Elden,Hexter
213670686,Colleen,Jardine
216363846,Horacio,Canny
217998738,Gabriellia,Ovell
214124274,Cirstoforo,Ladbrook
215454368,Cointon,Pyser
215442866,Elsey,Coneley
218300025,Alexander,Di Bartolomeo
217370077,Jasen,MacTrustram
216174145,Felix,Wiltshire
218927250,Godart,Dugan
216753159,Nicol,Formie
215886621,Abagael,Aynscombe
213752307,Vilma,Giorgio
213770769,Ellen,Newsham
216265950,Bambie,Kordt
214417276,Luciano,MacKellen
213227024,Valene,Elijah
213460244,Dorella,Viner
216555235,Babb,Wick
213633187,Walton,Drummond
217296011,Kienan,Bould
213953426,Shandy,Meaders
216536135,Solly,Sprigin
215925984,Mel,Gaishson
213275658,Sella,Apps
215063940,Marya,Parradine
213667809,Elly,Jolliff
213813341,Yevette,Sheber
217043364,Linet,Lackner
215408812,Bree,Titcom
215577648,Elisha,Poundford
213756212,Von,Chessil
218727704,Kyrstin,Kidner
217636309,Hugh,Riddett
215476080,Catlin,Karlsson
218259149,Sidney,Baitey
213524362,Darin,Mullord
217082332,Helenka,Gornall
216383069,Fredrick,Keher
218157366,Derek,Britee
213062946,Dugald,Kynd
218122603,Hana,Von Der Empten
214173981,Cart,MacAscaidh
216318858,Elie,O'Grady
216752891,Dalis,McAughtry
216706750,Nerti,Kilfether
216656903,Loy,Bessom
217402699,Pauline,Sedgeworth
213335818,Delphine,Chalfain
215694075,Shelby,Willoughby
213603665,Archibold,Busen
218371517,Milena,Brinicombe
216804031,Adelle,Arnett
218952032,Rebekkah,Tebbet
213272700,Cybill,Goslin
215393880,Kory,Warbeys
217361859,Huberto,Barzen
217211990,Bernice,Beddis
216070557,Elaine,MacTrustam
213582390,Domini,MacGragh
213938918,Salim,Futty
218486353,Araldo,Bloom
213036446,Cristine,Spensly
215284781,Gard,Gubbin
214186303,Howie,Siberry
218618032,Westbrooke,Verbeek
216794848,Lefty,Fenich
216192813,Paquito,Headey
214262096,Ivy,Reading
216343103,Myrlene,Stanes
215419002,Neda,Breston
216435477,Derick,Ashborn
214449400,Ethel,Sapson
216482757,Melloney,Dacca
213605798,Herschel,Cheal
218869848,Veradis,Shelborne
216495455,Devora,Fone
213286515,Sherman,O'Rodane
213897597,Darbee,Rummins
213448086,Nickie,Houldey
213238717,Kingsly,Mc Elory
217453477,Vail,Jorck
214744347,Stephanus,Mourbey
217098361,Evin,Cardwell
216275737,Lilly,Rings
218975550,Whitaker,Gavahan
218968683,Andi,Giovannacc@i
217963046,Claudianus,Downs
215458774,Tibold,Chipman
217547284,Nanni,Yegorshin
218477738,Arel,Rapelli
216882656,Gabriellia,Getch
217080130,Miner,Brundill
216814250,Melody,Lackie
213177754,Elmo,Plunkett
218960117,Tami,Laws
217677552,Cristal,Girkins
218879553,Annora,Stoaks
215325608,Brock,McArt
214735839,Dalis,Damrell
218474990,Iosep,I'anson
218051032,Dana,Frensch
215259751,Pammy,Botwright
213395107,Anthia,Inglese
217902374,Chrissy,Cattow
217549708,Lucius,Minter
213400517,Vannie,Spreag
216757342,Barbee,Baumert
216856066,Wright,Carriage
214729672,Griffy,Grimmett
216611270,Athene,Redwing
214738669,Annnora,Tombleson
217381089,Norry,Andress
213883775,Suzie,Chappel
213655011,Myrtice,Earnshaw
215816488,Cyrill,Jiroudek
213630144,Pearla,Twitty
218076006,Diane-marie,Antunes
213323354,Hadrian,Ferrer
218188279,Marcile,Dangl
217295152,Charlotte,De Anesy
217144899,Eugenia,Haddacks
216959596,Georgeta,Surgeon
215161774,Gris,Beardshall
217946676,Abraham,Dumingo
213351775,Eachelle,Crus
218993452,Kimball,Depke
216461041,Jedd,Tarrant
217159914,Evania,Bortoli
214930867,Creigh,Schuchmacher
214862472,Sigismondo,Anelay
215807990,Malcolm,Scallan
217765839,Raphaela,Patchett
216203371,Violette,Gratton
215803239,Jarret,Wake
215609611,Bethina,Pepye
216025249,Gardener,Spellar
213876954,Madge,Winterscale
213425687,Hal,McKean
214358782,Wilt,Ableson
213689747,Dick,Earl
215604660,Stacie,Nickell
214577401,Ennis,Pick
214990587,Dolores,Baribal
215104104,Tarah,Pietruszka
218473513,Anastassia,MacColm
215597805,Garey,Overel
215258078,Jeanette,Doerffer
214348837,Stace,Allridge
214563583,Roseline,Ponsford
217154158,Evelina,Greenin
216324180,Alexander,Morat
214821855,Nikaniki,Slinger
213642546,Winni,Higgan
217380625,Kendricks,Just
214821529,Abigael,Vela
218158023,Elna,Van den Velden
215939879,Kennedy,Boumphrey
216824688,Ruddy,Gumey
214221868,Perrine,Agron
218623185,Zebadiah,Ghio
215584205,Hermy,Itzik
218172286,Jory,Barritt
214949932,Nerita,Scorthorne
215982325,Thibaut,MacKnockiter
218294940,Rici,Wibrew
213230486,Madge,Gebbe
214635350,Vania,Abbati
218031022,Bobbette,MacCarrane
218355791,Janka,Nottingam
214143201,Norry,Balmann
216536205,Malynda,Fray
217880295,Laurella,Viccars
217450735,Spence,Prazor
213409032,Dewey,Kirsche
213467532,Carolyne,Rodinger
214943928,Cirstoforo,Pruckner
217577343,Arnuad,Evamy
217358414,Mechelle,Yare
216731906,Marline,Cracie
214606844,Quinn,Goaley
217606828,Lyda,Swithenby
218675180,Bibbye,Suart
218510970,Roanne,Garvey
216278932,Shaine,Cowie
214183312,Regina,Dorricott
214917729,Bamby,Paulley
218645614,Elvyn,Somerbell
217449390,Saxe,Berthelet
213268417,Gipsy,Troughton
214167852,Camala,Ivanchikov
215746389,Pris,Rowth
213220786,Lisa,Righy
214333921,Dredi,Scotland
213900535,Rouvin,Celloni
216321190,Bunni,Van Merwe
215298227,Millie,Mapes
217461480,Carree,Klambt
213002399,Myrlene,Briscoe
215332079,Mirabelle,Rennock
214171213,Iago,Lattin
218217962,Kassey,Leming
218338674,Barron,Pacitti
216118766,Ame,Teissier
217128399,Jodie,Gorringe
213654793,Jamima,Masseo
215434095,Sauncho,Grunson
215028071,Roxy,Castellani
216419902,Louise,Fouracres
214216739,Wanda,Hutcheons
217272062,Forrest,Lammiman
213165786,Waly,Radnedge
217398759,Lynnell,Rooksby
216167102,Luella,Boultwood
217960077,Shermie,Tebb
217411367,Binnie,Lidierth
215868402,Russ,Yude
215710554,Margy,Fatharly
215153927,Ailina,McGourty
214215812,Gaylord,Benham
213433333,Caressa,Wisam
214222605,Billie,Laybourne
215541641,Stacy,Moorton
215617467,Kimmie,Gibbings
216285362,Silvanus,Marikhin
216613860,Johannah,Steanson
218425396,Norina,Jagiela
217198439,Cullan,Bloodworth
218326971,Barnett,Beacham
217285644,Lowrance,Abbado
214958521,Marge,Lavalle
216831281,Frederik,Scyone
215270207,Ronda,Pavlik
216586560,Dalt,Lyddiatt
218630948,Arnaldo,Cotte
218876066,Corbie,Brecken
217901174,Corine,Manhood
214962625,Edita,Todarello
215974564,Bonnee,Allden
214716613,Micky,Leavesley
215434460,Caty,Willimott
217437878,Glen,Ritter
216853599,Benito,Plaistowe
216664819,Raviv,Yesenin
216589076,Oralla,Grelik
216381745,Timmi,Rebeiro
215809812,Ellerey,Coneley
215024756,Mandy,Hartil
213862242,Brina,Yersin
218697859,Rube,MacGarvey
216762007,Nikki,Bottinelli
218282963,Lesli,Stanbridge
218715209,Daron,Packe
216642457,Tallulah,Town
214711594,Auguste,Hodgin
215134941,Muire,Osbiston
213239331,Darlene,Renvoise
217399780,Sephira,Thorns
216847902,Irving,Allender
218829331,Gaelan,Kilday
214298280,Oates,Skacel
215854947,Zolly,Diemer
218443498,Karleen,Romme
215759673,Georgeanne,Frigot
215442179,Marlin,Kreber
217350682,Wang,Francescozzi
218605240,Georgie,Riceards
213473215,Robinetta,Measham
215812981,Dario,Surguine
215284961,Noelyn,Prise
218998400,Jeralee,Sommerled
215410332,Shell,Joss
214642609,Papagena,Canellas
213692580,Rabi,Toward
215234502,Joshia,Priddey
217357754,Joseito,Loachhead
215442202,Katie,McGeever
215555226,Jorie,Margarson
217343246,Jillian,Dockreay
217124442,Caron,Ferrettini
215103105,Sax,Bridgstock
218900908,Cheri,Henkens
213712922,Clayton,Dunkersley
213187673,Thaddeus,Aynsley
218183625,Tadeo,Swainson
216171591,Domingo,Hatter
215700548,Gary,Walcot
214761889,Stacia,Reace
217679957,Maxie,Newens
218418454,Dante,O'Donegan
216274063,Seumas,Cosker
214759973,Page,Jacombs
216203578,Raddie,Godber
213358169,Mariya,Hullock
214787866,Viola,Brittoner
216523112,Duky,O'Looney
218780988,Essa,Birchall
218673695,Zeke,Presman
213605813,Edythe,Labbet
213289537,Seymour,Alleyne
213883807,Mara,Izakovitz
216701633,Felipe,Billington
215879691,Donn,Winsome
214032602,Lotty,Woolrich
218210862,Cloe,Slocombe
218807862,Reagan,Fitzsymon
215140816,Aloysius,Vellacott
213902314,Marita,Sallier
216264946,Norton,Van Driel
213154801,Greer,Knewstub
215423258,Jake,Losbie
217226156,Joachim,Foord
215649683,Minnie,O'Shesnan
214749960,Vivianna,Fitzsymons
215800849,Mickey,Raveau
217706739,Cary,Dickinson
214563424,Aluino,Point
216005965,Rick,Giorgi
214312553,Helen-elizabeth,Dimitrie
214014310,Renae,Moggle
214614679,Joseito,Kornousek
217647689,Conroy,Bellini
218672370,Storm,Lisciandro
215612373,Lindy,Kroll
215180834,Shurwood,Galbraith
215059653,Berton,Womack
216254619,Bianka,Cullerne
213228989,Dougy,Earthfield
217143142,Peter,Van der Beken
218003436,Georgie,Herche
217009656,Marybelle,Rump
216709245,Townie,Bucklee
213898664,Kalvin,Osbourne
217444238,Westleigh,Roobottom
213864648,Quinta,Espinheira
213271754,Ripley,Vidyapin
214941254,Thedric,Dunnett
213700082,Teodoor,Warmisham
213912369,Otis,Stiegers
216893474,Urban,Ferrone
214655544,Diana,Bakeup
217313152,Gearard,Petersen
217691976,Dona,Childerley
214914631,Othilia,Dunbobbin
215443400,Bernie,Beckerleg
214839098,Yves,Slane
217184792,Libby,Brisset
215228841,Darbie,Strelitz
216945368,Geoff,Brereton
216980408,Corrina,Frudd
215999927,Anne-corinne,Dimblebee
213104903,Jarrod,Howling
218582098,Abelard,Grimestone
216590289,Gustave,Pritchett
218719261,Merlina,Mould
217996263,Nelli,Knight
213347100,Lyn,Duigan
215435951,Leicester,Zanicchelli
215729349,Ibbie,Pallent
217020484,Bil,Imrie
215503730,Bernard,McGaraghan
214289491,Kakalina,Welsh
213827732,Yul,Grout
216415495,Skyler,Mabb
215127541,Lodovico,Macbeth
214752565,Jillene,Cassedy
214073740,Darell,Pasley
218056101,Rhody,Jupe
217054281,Siusan,Dobrowlski
217183698,Estelle,Baggallay
218313458,Bernadene,Hourahan
213422540,Anatol,Jaynes
217690827,Carmen,Arkwright
215099076,Hollis,Connichie
214872605,Sophronia,Hirtz
217553295,Augustus,Ishchenko
214118720,Essy,Bastock
218190393,Ariadne,Apedaile
214856316,Bobine,Gitthouse
216245956,Marguerite,Phipson
217103945,Lucio,Torrejon
218963223,Francoise,Kettoe
215909339,Laure,Wakerley
215736141,Ximenez,Filliskirk
218463153,Lenee,Kleen
216049360,Base,Malacrida
214326969,Aindrea,Franzonello
214318699,Inessa,Dudney
215622094,Eugenie,Self
214369692,Perla,Winsley
216949213,Patrice,Saldler
217773122,Marco,Ralphs
216401542,Thaxter,Gussin
217421530,Ulick,Peppard
216622869,Reinhold,Huller
218336644,Celka,Spiers
218818749,Teador,Pinxton
213818800,Wiley,Phant
216342092,Tawnya,Giacobazzi
217545395,Roosevelt,Brislawn
214809275,Patti,Aiton
215520234,Daron,Neve
214262325,Damiano,Godding
215151781,Gabrielle,Cardew
213850935,Steffi,Wattisham
213098362,Antonie,Prene
216549474,Merle,Pethrick
218345272,Elmore,Lotze
216722300,Darline,Dishmon
214463498,Carlin,Kirkham
214137213,Leonora,Mc Elory
217971466,Matty,Knowles
213954400,Horace,MacFarlane
218316542,Alessandra,Casillis
213783462,Kinna,Whistlecroft
215546076,Mathilde,Broadis
213739749,Cirstoforo,Risby
217573855,Hurlee,Tizard
217507363,Robenia,Torrejon
216513785,Carita,Foan
214180867,Riordan,Cullinan
213428609,Ethelda,Bamell
216438076,Catriona,Domenico
216008007,Karlens,Blatherwick
218292449,Yehudi,Siccombe
213223630,Annice,Aicken
218629850,Fin,Joannet
217187386,Clim,Bowmaker
214364992,Lennie,Stenner
213001678,Ariadne,Lyons
218332035,Audi,Tommeo
215842180,Rebecca,Moss
216141549,Ermanno,Clowley
213548139,Shepperd,Weatherall
218351937,Kingsly,Hessay
213903832,Billi,Geaveny
217374228,Emilia,Surcomb
215635917,Mason,Heaseman
218792341,Elita,Higford
214665781,Myrvyn,Sheraton
214112053,Bobinette,Scotson
217820835,Gabriel,MacCartair
216934596,Irina,Groneway
214485155,Marcelia,Scranedge
217909070,Pernell,Osban
215183281,Blanch,Fache
218834437,Kerrill,Triebner
216347257,Byrom,Breitler
216341370,Barry,Golder
215448045,Courtnay,Leupoldt
218732919,Ernestus,Tomaszczyk
214125903,Quentin,Eland
217771057,Randene,Kempston
216085239,Gabriele,Blaw
218676945,Kayla,Blei
213349345,Kip,Link
216112601,Hinda,Ivain
215915465,Rod,McWilliam
215927571,Celeste,Osanne
213429285,Almeta,Pattini
218047188,Blayne,Brinkler
215496905,Celisse,Halden
217641983,Sabine,Eshelby
215734641,Reece,Beverage
217988453,Carolyn,Wogdon
218575138,Melodee,Insworth
216225958,Armand,Ambridge
218169845,Amye,Crystal
218751332,Ernie,Henrichs
214677798,Peri,Vivian
214991058,Darcie,Aloshechkin
215783736,Aubry,Ingolotti
213984535,Sylvia,Baxter
215797235,Nanine,MacCaghan
213058789,Wakefield,Calderon
217781899,Bertine,Garnam
214978634,Jordanna,Abden
214462630,Jacquette,Leamy
217459974,Maria,Rawlyns
217416594,Micky,Pavic
215653065,Ole,Banasiak
215063740,Petra,Perett
214294102,Chaddy,Quillinane
218997896,Jonathan,Pitblado
218892633,Sinclair,Worrall
218704449,Sharai,Hemstead
218815952,Tobias,Hamblyn
213570243,Vassili,Clemetts
214853467,Karee,Sher
214805513,Zach,Eccersley
216922320,Joycelin,Rajchert
216202576,Francisco,Masurel
217445964,Kara-lynn,Donnan
215759572,Alice,Manson
218226516,Izak,Lawton
213918575,Forrest,Baltzar
213210215,Syman,Chesson
213784302,Kacie,Bodega
215106261,Armand,Tayt
217361158,Stacey,Hambelton
217998203,Rosalia,Olufsen
215779112,Hyacinthie,Rozycki
214654416,Jolee,Fashion
215790077,Ahmad,Moreinis
217611176,Daryle,Warrack
218255135,Yolande,Marcus
214254502,Nevin,Kimbly
213613055,Romeo,Brightwell
215201094,Menard,Jewers
213451794,Moises,Grinvalds
213005056,Skelly,Bausor
214833437,Casie,Atwill
217915284,Brantley,Colegrove
215826374,Beckie,Rowley
214045889,Madelyn,Fessions
214746712,Evelyn,Halburton
216396126,Dion,Zellner
217151116,Brit,Hammerton
218381648,Morley,Gay
216062194,Melisande,Woodings
213825357,Kinsley,Rosthorn
215047442,Dalt,Dumbar
215182485,Bryon,Triggel
213054684,Parker,Inchbald
217060851,Ruthe,Rowbottam
214186538,Zoe,Tocqueville
218810636,Gareth,Sirrell
217264193,Shelba,Eyles
215104546,Deidre,Liveing
216007430,Christiane,Grishkov
217050766,Aldo,Aylen
217533127,Vernen,Radborn
213759520,Alasteir,Sarchwell
216242103,Broderick,Obispo
215974469,Meredeth,Jermin
218518235,Audy,Rawstron
213873914,Clare,Dericut
218659965,Livy,Minett
214742182,Issi,Gelder
218328386,Nettle,Kornousek
213027965,Leesa,Scocroft
214737462,Rolland,Quantrell
217167055,Ricca,Davydochkin
213887459,Sacha,Oxenden
215691162,Moina,Wittering
214905502,Turner,Vasyunkin
217086288,Vachel,Cossell
213540595,Robinette,Millis
215740977,Othello,Bradnam
216280489,Fons,Wallentin
218762708,Padgett,Nijssen
213516005,Matias,Farfoot
218112025,Pauly,Burris
214547555,Sandy,Toman
216846601,La verne,Shimmin
215665225,Jere,Oley
215197919,Karia,Blanc
215759852,Huberto,Sneath
216011103,Bennie,Barde
214497357,Corine,Heinlein
214584587,Carmela,Zamboniari
213284546,Les,Sayles
216723061,Augustus,Suddick
218085283,Humfried,Waggatt
216232449,Dorie,Theis
218858918,Orville,Matuskiewicz
213921860,Leelah,Eskell
218099373,Rivalee,Caccavale
218633069,Kerwin,Mc Comb
215965129,Giavani,Oneil
213146594,Gayelord,Dacca
217000430,Shelley,O'Deegan
214731624,Elbertina,Burston
216801224,Jeremias,Treamayne
218416906,Carmel,Bathersby
215005916,Corrie,de Almeida
218920328,Bruce,Cotton
218298095,Theadora,Willarton
214720107,Ally,Chevalier
214190628,Hal,Haizelden
213184589,Dorey,Everard
217305784,Clarette,Robelow
216235360,Coletta,Sommerton
216132378,Amalee,Lydster
216292379,Pietro,Kipping
215565684,Roana,Kosiada
217984745,Mathilde,Gleder
217318960,Nariko,Forsdyke
217833911,Kristien,Ryman
215062920,Josy,Janczyk
215867084,Clerissa,Currao
213850756,Enid,Cottel
215761349,Lolly,Bettleson
213251203,Shepard,Hanway
213826923,Martyn,Saladin
216373847,Genvieve,Mokes
218287779,Demetris,Staves
213492417,Konrad,Spurdon
213444932,Ester,Oulett
215691779,Rosie,D'Arrigo
214766649,Kristos,Trewhella
213373030,Hilarius,Peaden
213867181,Saw,Pinder
218412505,Adelle,Gisbourn
214908696,Elinor,Kester
213640907,Beilul,Fireman
217332675,Julianne,Semrad
215835380,Bride,Wilson
213703404,Geoffrey,McMenemy
218549744,Gipsy,Lindborg
214909516,Ashby,Letterick
213264483,Guillemette,Costelloe
214030270,Carleen,Bazell
213723105,Giorgi,Barmadier
213169749,Kala,Frogley
218150462,Blythe,Alejandro
217305576,Justin,Chicchelli
217269031,Zane,Matusson
215405049,Bartlet,Woodward
214469777,Gus,Ducker
213039218,Gav,Girvan
215103733,Almire,Dominetti
213641895,Angelle,Hardwidge
216089828,Cherlyn,Kenford
217964528,Ricca,Daykin
216858865,Devin,Matuszak
217169984,Jonie,Colloff
216336531,Lynea,Moyer
218651321,Jackie,Sibille
214598929,Nickie,Colquete
216668470,Florinda,Caldecourt
216487683,Evaleen,Yeskov
216701967,Aurelea,Lilleman
217458143,Tiphany,MacCaughey
216368823,Tisha,Crickmore
215163321,Priscilla,Goodyer
216253555,Nicolis,Miere
216711651,Keelby,Gianninotti
217169691,Florence,Holdren
215163713,Stuart,Stoad
217360290,Darnell,Dunthorne
214972309,Marcus,Northill
216097615,Mathian,O'Mahoney
217670875,Gian,Sayle
215416327,Gerti,Sebborn
216599392,Carola,Dunseath
218312106,Paulie,Le Provost
216618374,Ricardo,Olander
218543860,Ken,Binnie
213330470,Lew,Spellesy
213270929,Alasteir,Bissatt
217459040,Alissa,Bownd
213391156,Torie,Guilfoyle
216396358,Eldin,Furney
214743174,Evin,Sillars
216281813,Marnie,Stearnes
217213471,Marla,Linguard
216935836,Orren,Nickell
214742642,Raymond,Christofe
218698213,Gladi,Jeram
213264920,Ebony,Sings
217508806,Kiri,Darnody
213525577,Sharona,Kleine
218971206,Bronny,Cayet
216759155,Griswold,Hallwood
